,Longitude,Latitude,City name
0,21.771915,44.19627,"Zagubica,  Zagubica Municipality"
1,22.557563,43.076729,"Prisjan,  Pirot Administrative District"
2,20.856367,43.777767,"Godacica,  Kraljevo City"
3,22.362308,42.559731,"Gornja Lisina,  Bosilegrad Municipality"
4,21.932266,43.508242,"Labukovo,  Svrljig Municipality"
5,20.363809,44.115408,"Rucici,  Gornji Milanovac Municipality"
6,21.352847,44.088945,"Balajnac,  Despotovac Municipality"
7,21.42594,43.925052,"Batinac,  Cuprija Municipality"
8,21.589001,44.04526,"Resavica,  Despotovac Municipality"
9,20.406003,44.424105,"Mirosaljci,  Lazarevac Urban Municipality"
10,22.045194,42.72848,"Kalimance,  Vladicin Han Municipality"
11,20.668407,43.402958,"Biljanovac,  Raska Municipality"
12,20.766087,44.182039,"Gornja Trnava,  Topola Municipality"
13,19.828721,43.421018,"29,  Drmanovici"
14,22.419184,42.358096,"444,  Donje Tlamino"
15,21.379414,44.416409,"161,  Dubocka"
16,22.273851,43.233699,"259,  Novo Selo"
17,20.40398,42.936362,"Batrage,  Tutin Municipality"
18,22.798488,43.214694,"Brlog,  Pirot Administrative District"
19,20.042119,43.399974,"21,  Kladnica"
20,21.718226,43.839201,"Krivi Vir,  Boljevac Municipality"
21,21.891365,42.394186,"234,  Saprance"
22,22.263789,44.48049,"396,  Miroc"
23,20.05495,43.572007,"Katici,  Ivanjica Municipality"
24,22.298123,43.696797,"35,  Minicevo"
25,20.878752,43.505119,"208,  Станишинци"
26,22.024691,43.215249,"225,  Marina Kutina"
27,21.142728,44.091945,"Milosevo,  Jagodina City"
28,21.484116,44.308222,"Zdrelo Spa,  66"
29,20.611224,43.490317,"Пусто Поље,  Ибарска"
30,20.356213,44.557619,"Симе Марковића,  Veliki Borak"
31,21.467404,44.582647,"162,  Cesljeva Bara"
32,21.627339,44.619665,"376,  Malesevo"
33,22.403887,42.87907,"Gradska,  Crna Trava Municipality"
34,21.303882,43.490973,"Naupare,  Rasina Administrative District"
35,21.424722,44.729553,"373,  Kisiljevo"
36,21.685388,43.041599,"226,  Crkvica"
37,22.157452,43.563908,"Vasilj,  Knjazevac Municipality"
38,20.27338,44.284886,"Ибарски пут,  Dudovica"
39,22.317223,44.655199,"34,  Tekija"
40,21.302221,43.625795,"Velika Krusevica,  Rasina Administrative District"
41,21.129818,43.177979,"Igriste,  Kursumlija Municipality"
42,20.647222,44.036976,"177,  Lipovac"
43,19.774959,43.788551,"Mackat,  Cajetina Municipality"
44,21.695041,42.831455,"Buvce,  Lebane Municipality"
45,21.017485,43.380138,"211,  Ziljci"
46,21.943481,44.313239,"Leskovo,  Majdanpek Municipality"
47,20.894581,43.303619,"Livadje,  Brus Municipality"
48,19.720447,43.237364,"ОП-41,  Grobnice"
49,22.081852,43.919647,"Sarbanovac,  City of Bor"
50,22.010486,44.040107,"391,  Zlot"
51,20.361198,43.249402,"199,  Durice"
52,22.715261,43.056394,"Чиниглавци,  Ciniglavci"
53,20.907246,44.047865,"Bata Lakina,  Denino brdo"
54,21.269774,43.213037,"Barbatovac,  Blace Municipality"
55,21.518778,43.507586,"Јастребачка,  Veliki Siljegovac"
56,21.876001,42.969784,"39,  Donje Trnjane"
57,21.165277,43.516728,"207,  Mrmos"
58,21.776354,44.472234,"Voluja,  Kucevo Municipality"
59,21.571004,43.393571,"Klisurska,  Vukanja"
60,22.572779,44.592474,"35,  Kladovo"
61,22.158245,42.704093,"Belo Polje,  Surdulica Municipality"
62,19.919553,43.964238,"Месна заједница Трнава,  Trnava"
63,20.102757,43.869861,"23,  Gugalj"
64,19.340629,43.500631,"Месна заједница Саставци,  Zagradina"
65,22.042499,44.52272,"34,  Boljetin"
66,20.870459,44.368105,"147,  Glibovac"
67,22.296458,42.501815,"442,  Donja Ljubata"
68,22.498069,44.497643,"35,  Grabovica"
69,20.192151,43.251126,"Drazevice,  Sjenica Municipality"
70,21.932388,43.097472,"Маршала Тита,  Pecenjevce"
71,19.541205,43.833041,"Vitasi,  Градска општина Ужице"
72,20.2329,43.441414,"Donja Gledjica,  Gledjica"
73,20.724537,43.911412,"Knic,  Knic Municipality"
74,22.359431,44.165506,"35,  Sikole"
75,21.212841,44.508453,"Косовска,  Poljana"
76,21.169055,43.349937,"37223 Разбојна,  208"
77,20.570598,43.110532,"Руђера Бошковића,  Trnava"
78,21.362525,43.770691,"Obrez,  Varvarin Municipality"
79,20.477769,43.205454,"199,  Prcenova"
80,22.910436,43.112095,"221,  Izatovci"
81,22.369803,43.108179,"Bela Voda,  Bratisevac"
82,22.045233,42.898802,"258,  Mala Kopasnica"
83,21.258324,43.942146,"Bresje,  Jagodina City"
84,20.65428,44.338647,"Kopljare,  Arandjelovac Municipality"
85,21.553198,42.792141,"39,  Petrilje"
86,19.884086,43.701892,"Sirogojno,  Cajetina Municipality"
87,22.071823,44.203184,"393,  Vlaole"
88,21.608341,44.451151,"147,  Kladurovo"
89,19.61611,43.687284,"Jablanica,  Cajetina Municipality"
90,19.770637,44.114674,"338,  Makoviste"
91,19.89103,43.55879,"195,  Jasenovo"
92,20.613866,43.311065,"Ибарска,  Varevo"
93,21.232503,44.677633,"Maljurevac,  Pozarevac Urban Municipality"
94,20.613685,43.791226,"Војводе Путника,  Milocaj"
95,20.231545,43.701663,"Psanik,  Lucani Municipality"
96,20.502452,43.679793,"Lopatnica,  Kraljevo City"
97,21.923993,43.85282,"Mali Izvor,  Boljevac Municipality"
98,20.485565,43.415014,"Rudno,  Kraljevo City"
99,21.932369,43.645753,"217,  Blendija"
100,21.802775,43.184106,"Ратка Павловића Ћићка,  Sainovac"
101,20.11269,43.755678,"Cerova,  Arilje Municipality"
102,21.276021,44.251752,"Bobovo,  Svilajnac Municipality"
103,19.680929,43.517363,"194,  Месна заједница Кратово"
104,21.764839,44.584357,"Radenka,  Kucevo Municipality"
105,22.278698,44.019038,"Rgotina,  Zajecar Administrative District"
106,22.382673,44.403763,"Уровица,  Urovica"
107,21.625671,43.226985,"418,  Babin Potok"
108,20.417019,43.961035,"Ибарски пут,  Brdjani"
109,21.540901,43.651526,"Poslon,  Razanj Municipality"
110,19.931906,43.218248,"201,  Trijebine"
111,21.595285,44.172076,"186,  Lipovica"
112,22.466708,43.235008,"Црноклиште,  Crnokliste"
113,20.799098,43.63426,"Otroci,  Vrnjacka Banja Municipality"
114,19.589654,43.373917,"Seljasnica,  Prijepolje Municipality"
115,21.446554,43.298587,"415,  Velika Plana"
116,21.947078,42.537718,"Ćukovac,  Cukovac"
117,21.773772,43.717593,"Josanica,  Sokobanja Municipality"
118,22.624504,43.153322,"Berilovac,  Pirot Administrative District"
119,22.542493,44.249897,"R 254,  Milosevo"
120,21.011171,43.924405,"183,  Gornja Sabanta"
121,21.710577,44.273179,"Josanica,  Zagubica Municipality"
122,20.533094,44.181011,"Vojkovci,  Topola Municipality"
123,21.5405,42.939523,"Donji Gajtan,  Medvedja Municipality"
124,22.261057,42.977463,"Svodje,  Vlasotince Municipality"
125,20.17008,44.040781,"Pranjani,  Вуковићи"
126,21.578266,43.789671,"Skorica,  Razanj Municipality"
127,21.011306,44.217589,"27,  Donja Raca"
128,20.316811,43.850812,"Loznica,  Cacak City"
129,21.122085,43.772351,"189,  Oparic"
130,20.447037,44.276984,"150,  Garasi"
131,22.170817,44.413315,"Mosna,  Majdanpek Municipality"
132,20.561432,44.530391,"Ropocevo,  Sopot Urban Municipality"
133,21.038654,43.630818,"187,  Medvedja"
134,21.742481,43.515442,"Балканска,  Aleksinacki Bujmir"
135,22.13846,44.293743,"Crnajka,  Majdanpek Municipality"
136,22.249698,43.408667,"Burdimo,  Svrljig Municipality"
137,20.40572,43.070849,"203,  Crkvine"
138,22.288261,43.551627,"Trgoviste,  Knjazevac Municipality"
139,21.8628,42.848979,"Zabljane,  City of Leskovac"
140,22.378274,42.713988,"Vlasina Stojkoviceva,  Surdulica Municipality"
141,22.194356,42.401164,"Gornji Stajevac,  Trgoviste Municipality"
142,22.074435,42.615176,"Vrbovo,  Vladicin Han Municipality"
143,22.478079,42.478828,"231,  Radicevci"
144,21.424697,43.139472,"Trnovi Laz,  City of Prokuplje"
145,21.667212,42.309151,"Presevo,  Presevo Municipality"
146,20.11025,43.062647,"202,  Borostica"
147,22.046122,43.38049,"35,  Vrelo"
148,22.105564,43.052794,"Piskupovo,  City of Leskovac"
149,21.84526,42.690645,"Vlase,  Градска општина Врање"
150,22.551478,43.340552,"Custica,  Knjazevac Municipality"
151,21.296773,42.978453,"Mala Kosanica,  Kursumlija Municipality"
152,21.8115,42.517392,"Katun,  Градска општина Врање"
153,22.461213,43.400649,"222,  Vrtovac"
154,20.312821,43.595356,"Osonica,  Ivanjica Municipality"
155,21.829711,43.344501,"Јабланичка,  Popovac"
156,21.713271,42.42166,"Nesalce,  Bujanovac Municipality"
157,22.636718,42.995698,"Vlasi,  Pirot Administrative District"
158,21.837117,44.06009,"389,  Zlot"
159,21.259349,43.060004,"214,  Kursumlijska Banja"
160,19.550345,43.546194,
161,19.833549,45.267136,
